{"train/loss":0.5586,"train/learning_rate":0.0004978964687829691,"train/epoch":0.14,"train/global_step":1875,"_timestamp":1.7726903207580867e+09,"_runtime":3674,"_wandb":{"runtime":3674},"_step":1874}